tot_people,workers_over_spectators,nb_of_spectators,nb_of_workers,min_perception_distance,max_perception_distance,speed,speed_ratio,leader_frac,follower_frac,tot_victims,tot_saved_people,tot_spectators_victims,tot_spectators_saved,tot_workers_victims,tot_workers_saved,tot_leaders_victims,tot_leaders_saved,tot_followers_victims,tot_followers_saved,tot_panic_victims,tot_panic_saved
500,0.1,454,46,1.0,5.0,0.0833333333333333,2.0,0.1,0.1,147,41,137,34,10,7,32,15,31,1,74,18
500,0.1,454,46,1.0,5.0,0.0833333333333333,2.0,0.1,0.1,117,27,111,24,6,3,24,6,19,6,68,12
500,0.1,454,46,1.0,5.0,0.0833333333333333,2.0,0.1,0.1,110,31,102,26,8,5,20,4,19,8,63,14
500,0.1,454,46,1.0,5.0,0.0833333333333333,2.0,0.1,0.1,221,59,200,50,21,9,38,16,44,9,118,25
500,0.1,454,46,1.0,5.0,0.0833333333333333,2.0,0.1,0.1,170,39,155,33,15,6,28,6,34,7,93,20
500,0.1,454,46,1.0,5.0,0.0833333333333333,2.0,0.1,0.1,78,46,71,41,7,5,16,9,11,7,44,25
500,0.1,454,46,1.0,5.0,0.0833333333333333,2.0,0.1,0.1,66,25,61,22,5,3,6,1,13,8,42,13
500,0.1,454,46,1.0,5.0,0.0833333333333333,2.0,0.1,0.1,144,44,131,41,13,3,21,9,31,9,79,23
500,0.1,454,46,1.0,5.0,0.0833333333333333,2.0,0.1,0.1,54,44,47,37,7,7,10,11,12,9,25,17
500,0.1,454,46,1.0,5.0,0.0833333333333333,2.0,0.1,0.1,69,30,65,23,4,7,13,4,11,2,41,17
500,0.1,454,46,1.0,5.0,0.0833333333333333,2.0,0.1,0.1,42,49,38,43,4,6,7,12,5,12,26,19
500,0.1,454,46,1.0,5.0,0.0833333333333333,2.0,0.1,0.1,92,55,77,49,15,6,26,13,16,11,35,25
500,0.1,454,46,1.0,5.0,0.0833333333333333,2.0,0.1,0.1,59,27,48,23,11,4,10,5,5,6,33,12
500,0.1,454,46,1.0,5.0,0.0833333333333333,2.0,0.1,0.1,113,48,104,42,9,6,19,6,22,6,63,30
500,0.1,454,46,1.0,5.0,0.0833333333333333,2.0,0.1,0.1,14,33,14,30,0,3,2,5,2,9,10,16
500,0.1,454,46,1.0,5.0,0.0833333333333333,2.0,0.1,0.1,26,45,26,36,0,9,7,8,5,9,14,19
500,0.1,454,46,1.0,5.0,0.0833333333333333,2.0,0.1,0.1,4,40,3,36,1,4,0,7,1,9,2,20
500,0.1,454,46,1.0,5.0,0.0833333333333333,2.0,0.1,0.1,11,28,7,27,4,1,2,5,1,4,4,18
500,0.1,454,46,1.0,5.0,0.0833333333333333,2.0,0.1,0.1,0,25,0,21,0,4,0,3,0,5,0,13
500,0.1,454,46,1.0,5.0,0.0833333333333333,2.0,0.1,0.1,11,27,11,25,0,2,5,4,0,10,6,11
500,0.1,454,46,1.0,5.0,0.0833333333333333,2.0,0.1,0.2,153,46,142,39,11,7,25,10,39,13,78,16
500,0.1,454,46,1.0,5.0,0.0833333333333333,2.0,0.1,0.2,167,75,156,67,11,8,31,12,38,26,87,29
500,0.1,454,46,1.0,5.0,0.0833333333333333,2.0,0.1,0.2,129,42,117,37,12,5,17,8,37,11,63,18
500,0.1,454,46,1.0,5.0,0.0833333333333333,2.0,0.1,0.2,133,61,125,54,8,7,25,8,32,22,68,24
500,0.1,454,46,1.0,5.0,0.0833333333333333,2.0,0.1,0.2,68,74,65,63,3,11,10,7,22,23,33,33
500,0.1,454,46,1.0,5.0,0.0833333333333333,2.0,0.1,0.2,116,71,103,66,13,5,21,22,29,15,53,29
500,0.1,454,46,1.0,5.0,0.0833333333333333,2.0,0.1,0.2,172,49,157,43,15,6,35,8,43,18,79,17
500,0.1,454,46,1.0,5.0,0.0833333333333333,2.0,0.1,0.2,97,40,88,34,9,6,16,7,28,10,44,17
500,0.1,454,46,1.0,5.0,0.0833333333333333,2.0,0.1,0.2,101,80,93,65,8,15,20,13,21,31,52,21
500,0.1,454,46,1.0,5.0,0.0833333333333333,2.0,0.1,0.2,42,40,36,37,6,3,5,6,6,11,25,20
500,0.1,454,46,1.0,5.0,0.0833333333333333,2.0,0.1,0.2,33,33,33,29,0,4,6,8,11,8,16,13
500,0.1,454,46,1.0,5.0,0.0833333333333333,2.0,0.1,0.2,80,66,73,60,7,6,14,11,22,20,37,29
500,0.1,454,46,1.0,5.0,0.0833333333333333,2.0,0.1,0.2,8,56,6,47,2,9,1,10,4,22,1,15
500,0.1,454,46,1.0,5.0,0.0833333333333333,2.0,0.1,0.2,71,81,65,72,6,9,10,17,17,30,38,25
500,0.1,454,46,1.0,5.0,0.0833333333333333,2.0,0.1,0.2,36,37,35,31,1,6,6,6,18,9,11,16
500,0.1,454,46,1.0,5.0,0.0833333333333333,2.0,0.1,0.2,44,48,39,39,5,9,6,9,15,10,18,20
500,0.1,454,46,1.0,5.0,0.0833333333333333,2.0,0.1,0.2,40,38,36,33,4,5,9,7,7,12,20,14
500,0.1,454,46,1.0,5.0,0.0833333333333333,2.0,0.1,0.2,3,65,3,54,0,11,0,19,2,20,1,15
500,0.1,454,46,1.0,5.0,0.0833333333333333,2.0,0.1,0.2,7,60,7,49,0,11,2,9,0,15,5,25
500,0.1,454,46,1.0,5.0,0.0833333333333333,2.0,0.1,0.2,5,72,5,62,0,10,1,12,1,22,3,28
500,0.1,454,46,1.0,5.0,0.0833333333333333,2.0,0.1,0.3,77,160,72,146,5,14,19,28,29,68,24,50
500,0.1,454,46,1.0,5.0,0.0833333333333333,2.0,0.1,0.3,122,102,112,86,10,16,13,24,45,39,54,23
500,0.1,454,46,1.0,5.0,0.0833333333333333,2.0,0.1,0.3,222,74,200,65,22,9,40,14,85,35,75,16
500,0.1,454,46,1.0,5.0,0.0833333333333333,2.0,0.1,0.3,228,85,204,75,24,10,39,20,84,27,81,28
500,0.1,454,46,1.0,5.0,0.0833333333333333,2.0,0.1,0.3,78,167,72,149,6,18,20,32,24,70,28,47
500,0.1,454,46,1.0,5.0,0.0833333333333333,2.0,0.1,0.3,120,141,111,128,9,13,23,35,41,49,47,44
500,0.1,454,46,1.0,5.0,0.0833333333333333,2.0,0.1,0.3,181,59,161,49,20,10,24,15,62,19,75,15
500,0.1,454,46,1.0,5.0,0.0833333333333333,2.0,0.1,0.3,60,55,55,48,5,7,11,11,19,20,25,17
500,0.1,454,46,1.0,5.0,0.0833333333333333,2.0,0.1,0.3,56,57,54,51,2,6,12,13,28,17,14,21
500,0.1,454,46,1.0,5.0,0.0833333333333333,2.0,0.1,0.3,43,116,39,100,4,16,12,27,15,34,12,39
500,0.1,454,46,1.0,5.0,0.0833333333333333,2.0,0.1,0.3,77,83,73,68,4,15,16,20,32,22,25,26
500,0.1,454,46,1.0,5.0,0.0833333333333333,2.0,0.1,0.3,34,104,32,93,2,11,9,20,12,41,11,32
500,0.1,454,46,1.0,5.0,0.0833333333333333,2.0,0.1,0.3,26,92,25,79,1,13,5,20,9,30,11,29
500,0.1,454,46,1.0,5.0,0.0833333333333333,2.0,0.1,0.3,23,132,21,120,2,12,3,30,8,49,10,41
500,0.1,454,46,1.0,5.0,0.0833333333333333,2.0,0.1,0.3,32,68,31,60,1,8,10,13,11,29,10,18
500,0.1,454,46,1.0,5.0,0.0833333333333333,2.0,0.1,0.3,30,115,27,102,3,13,4,26,8,42,15,34
500,0.1,454,46,1.0,5.0,0.0833333333333333,2.0,0.1,0.3,1,73,1,64,0,9,0,17,1,23,0,24
500,0.1,454,46,1.0,5.0,0.0833333333333333,2.0,0.1,0.3,15,52,14,48,1,4,5,6,6,24,3,18
500,0.1,454,46,1.0,5.0,0.0833333333333333,2.0,0.1,0.3,8,45,7,41,1,4,2,13,2,14,3,14
500,0.1,454,46,1.0,5.0,0.0833333333333333,2.0,0.1,0.3,12,45,10,41,2,4,4,9,4,17,2,15
500,0.1,454,46,1.0,5.0,0.0833333333333333,2.0,0.1,0.4,97,173,93,154,4,19,18,25,47,96,28,33
500,0.1,454,46,1.0,5.0,0.0833333333333333,2.0,0.1,0.4,75,233,70,211,5,22,17,44,28,123,25,44
500,0.1,454,46,1.0,5.0,0.0833333333333333,2.0,0.1,0.4,187,142,171,129,16,13,31,31,83,58,57,40
500,0.1,454,46,1.0,5.0,0.0833333333333333,2.0,0.1,0.4,162,141,143,126,19,15,22,28,66,62,55,36
500,0.1,454,46,1.0,5.0,0.0833333333333333,2.0,0.1,0.4,156,99,143,93,13,6,35,16,58,53,50,24
500,0.1,454,46,1.0,5.0,0.0833333333333333,2.0,0.1,0.4,71,131,63,116,8,15,11,31,25,60,27,25
500,0.1,454,46,1.0,5.0,0.0833333333333333,2.0,0.1,0.4,150,118,138,98,12,20,23,22,78,53,37,23
500,0.1,454,46,1.0,5.0,0.0833333333333333,2.0,0.1,0.4,24,134,19,121,5,13,6,24,11,60,2,37
500,0.1,454,46,1.0,5.0,0.0833333333333333,2.0,0.1,0.4,43,147,41,125,2,22,10,29,20,58,11,38
500,0.1,454,46,1.0,5.0,0.0833333333333333,2.0,0.1,0.4,49,148,46,132,3,16,4,38,23,61,19,33
500,0.1,454,46,1.0,5.0,0.0833333333333333,2.0,0.1,0.4,26,197,26,169,0,28,7,45,12,87,7,37
500,0.1,454,46,1.0,5.0,0.0833333333333333,2.0,0.1,0.4,20,145,17,131,3,14,3,33,7,68,7,30
500,0.1,454,46,1.0,5.0,0.0833333333333333,2.0,0.1,0.4,10,125,10,109,0,16,2,22,4,60,4,27
500,0.1,454,46,1.0,5.0,0.0833333333333333,2.0,0.1,0.4,25,148,23,132,2,16,1,23,15,71,7,38
500,0.1,454,46,1.0,5.0,0.0833333333333333,2.0,0.1,0.4,23,124,23,108,0,16,3,33,9,50,11,25
500,0.1,454,46,1.0,5.0,0.0833333333333333,2.0,0.1,0.4,47,101,42,92,5,9,6,20,18,44,18,28
500,0.1,454,46,1.0,5.0,0.0833333333333333,2.0,0.1,0.4,33,124,28,113,5,11,4,27,18,62,6,24
500,0.1,454,46,1.0,5.0,0.0833333333333333,2.0,0.1,0.4,2,183,1,164,1,19,0,39,1,86,0,39
500,0.1,454,46,1.0,5.0,0.0833333333333333,2.0,0.1,0.4,38,138,33,121,5,17,7,22,19,65,7,34
500,0.1,454,46,1.0,5.0,0.0833333333333333,2.0,0.1,0.4,1,125,1,100,0,25,0,19,0,55,1,26
500,0.1,454,46,1.0,5.0,0.0833333333333333,2.0,0.1,0.5,68,251,60,231,8,20,11,48,29,148,20,35
500,0.1,454,46,1.0,5.0,0.0833333333333333,2.0,0.1,0.5,133,291,121,262,12,29,15,58,71,162,35,42
500,0.1,454,46,1.0,5.0,0.0833333333333333,2.0,0.1,0.5,105,320,97,285,8,35,21,67,61,172,15,46
500,0.1,454,46,1.0,5.0,0.0833333333333333,2.0,0.1,0.5,58,353,52,319,6,34,12,68,26,196,14,55
500,0.1,454,46,1.0,5.0,0.0833333333333333,2.0,0.1,0.5,23,229,21,205,2,24,4,34,13,133,4,38
500,0.1,454,46,1.0,5.0,0.0833333333333333,2.0,0.1,0.5,105,204,92,178,13,26,15,41,53,109,24,28
500,0.1,454,46,1.0,5.0,0.0833333333333333,2.0,0.1,0.5,47,307,44,278,3,29,10,74,27,162,7,42
500,0.1,454,46,1.0,5.0,0.0833333333333333,2.0,0.1,0.5,30,334,28,300,2,34,5,53,16,198,7,49
500,0.1,454,46,1.0,5.0,0.0833333333333333,2.0,0.1,0.5,64,228,58,205,6,23,13,40,31,131,14,34
500,0.1,454,46,1.0,5.0,0.0833333333333333,2.0,0.1,0.5,117,214,103,197,14,17,17,40,61,126,25,31
500,0.1,454,46,1.0,5.0,0.0833333333333333,2.0,0.1,0.5,11,315,11,283,0,32,2,72,6,179,3,32
500,0.1,454,46,1.0,5.0,0.0833333333333333,2.0,0.1,0.5,19,202,17,180,2,22,5,40,9,112,3,28
500,0.1,454,46,1.0,5.0,0.0833333333333333,2.0,0.1,0.5,39,222,33,196,6,26,3,28,20,133,10,35
500,0.1,454,46,1.0,5.0,0.0833333333333333,2.0,0.1,0.5,31,201,31,173,0,28,11,36,15,111,5,26
500,0.1,454,46,1.0,5.0,0.0833333333333333,2.0,0.1,0.5,22,186,21,167,1,19,3,34,14,101,4,32
500,0.1,454,46,1.0,5.0,0.0833333333333333,2.0,0.1,0.5,0,285,0,263,0,22,0,68,0,149,0,46
500,0.1,454,46,1.0,5.0,0.0833333333333333,2.0,0.1,0.5,0,220,0,194,0,26,0,49,0,113,0,32
500,0.1,454,46,1.0,5.0,0.0833333333333333,2.0,0.1,0.5,15,194,14,169,1,25,1,30,9,115,4,24
500,0.1,454,46,1.0,5.0,0.0833333333333333,2.0,0.1,0.5,4,205,3,177,1,28,0,35,2,107,1,35
500,0.1,454,46,1.0,5.0,0.0833333333333333,2.0,0.1,0.5,12,272,11,245,1,27,2,53,8,152,1,40
500,0.1,454,46,1.0,5.0,0.0833333333333333,2.0,0.2,0.1,116,98,108,86,8,12,37,37,17,10,54,39
500,0.1,454,46,1.0,5.0,0.0833333333333333,2.0,0.2,0.1,189,63,176,55,13,8,54,16,30,13,92,26
500,0.1,454,46,1.0,5.0,0.0833333333333333,2.0,0.2,0.1,179,126,167,113,12,13,55,38,26,30,86,45
500,0.1,454,46,1.0,5.0,0.0833333333333333,2.0,0.2,0.1,182,82,170,74,12,8,43,25,43,13,84,36
500,0.1,454,46,1.0,5.0,0.0833333333333333,2.0,0.2,0.1,93,79,82,74,11,5,27,25,18,14,37,35
500,0.1,454,46,1.0,5.0,0.0833333333333333,2.0,0.2,0.1,121,91,113,73,8,18,30,23,24,19,59,31
500,0.1,454,46,1.0,5.0,0.0833333333333333,2.0,0.2,0.1,92,53,83,47,9,6,27,17,16,6,40,24
500,0.1,454,46,1.0,5.0,0.0833333333333333,2.0,0.2,0.1,142,108,129,99,13,9,37,38,29,22,63,39
500,0.1,454,46,1.0,5.0,0.0833333333333333,2.0,0.2,0.1,106,89,95,83,11,6,27,28,23,13,45,42
500,0.1,454,46,1.0,5.0,0.0833333333333333,2.0,0.2,0.1,49,116,42,103,7,13,10,46,9,12,23,45
500,0.1,454,46,1.0,5.0,0.0833333333333333,2.0,0.2,0.1,43,94,41,85,2,9,14,24,7,19,20,42
500,0.1,454,46,1.0,5.0,0.0833333333333333,2.0,0.2,0.1,64,135,58,120,6,15,16,40,10,26,32,54
500,0.1,454,46,1.0,5.0,0.0833333333333333,2.0,0.2,0.1,28,117,27,103,1,14,10,36,4,15,13,52
500,0.1,454,46,1.0,5.0,0.0833333333333333,2.0,0.2,0.1,60,72,54,66,6,6,13,18,10,8,31,40
500,0.1,454,46,1.0,5.0,0.0833333333333333,2.0,0.2,0.1,31,107,27,95,4,12,10,38,5,19,12,38
500,0.1,454,46,1.0,5.0,0.0833333333333333,2.0,0.2,0.1,29,98,24,90,5,8,2,31,4,19,18,40
500,0.1,454,46,1.0,5.0,0.0833333333333333,2.0,0.2,0.1,6,120,6,109,0,11,3,43,0,25,3,41
500,0.1,454,46,1.0,5.0,0.0833333333333333,2.0,0.2,0.1,2,100,1,90,1,10,0,34,1,16,0,40
500,0.1,454,46,1.0,5.0,0.0833333333333333,2.0,0.2,0.1,6,95,6,84,0,11,3,23,0,28,3,33
500,0.1,454,46,1.0,5.0,0.0833333333333333,2.0,0.2,0.1,14,74,13,62,1,12,1,23,2,15,10,24
500,0.1,454,46,1.0,5.0,0.0833333333333333,2.0,0.2,0.2,83,178,77,160,6,18,18,60,20,55,39,45
500,0.1,454,46,1.0,5.0,0.0833333333333333,2.0,0.2,0.2,83,124,75,108,8,16,15,41,26,34,34,33
500,0.1,454,46,1.0,5.0,0.0833333333333333,2.0,0.2,0.2,111,137,98,122,13,15,29,42,31,38,38,42
500,0.1,454,46,1.0,5.0,0.0833333333333333,2.0,0.2,0.2,116,119,108,108,8,11,36,26,31,40,41,42
500,0.1,454,46,1.0,5.0,0.0833333333333333,2.0,0.2,0.2,45,139,43,127,2,12,10,38,12,35,21,54
500,0.1,454,46,1.0,5.0,0.0833333333333333,2.0,0.2,0.2,87,236,83,208,4,28,25,73,27,67,31,68
500,0.1,454,46,1.0,5.0,0.0833333333333333,2.0,0.2,0.2,90,115,79,99,11,16,18,39,21,29,40,31
500,0.1,454,46,1.0,5.0,0.0833333333333333,2.0,0.2,0.2,135,128,123,114,12,14,43,34,34,40,46,40
500,0.1,454,46,1.0,5.0,0.0833333333333333,2.0,0.2,0.2,17,125,16,117,1,8,3,41,3,43,10,33
500,0.1,454,46,1.0,5.0,0.0833333333333333,2.0,0.2,0.2,33,106,32,95,1,11,6,32,14,27,12,36
500,0.1,454,46,1.0,5.0,0.0833333333333333,2.0,0.2,0.2,92,139,86,123,6,16,26,43,30,38,30,42
500,0.1,454,46,1.0,5.0,0.0833333333333333,2.0,0.2,0.2,45,139,37,125,8,14,11,39,14,35,12,51
500,0.1,454,46,1.0,5.0,0.0833333333333333,2.0,0.2,0.2,4,122,4,110,0,12,1,40,1,29,2,41
500,0.1,454,46,1.0,5.0,0.0833333333333333,2.0,0.2,0.2,19,105,17,92,2,13,3,25,6,29,8,38
500,0.1,454,46,1.0,5.0,0.0833333333333333,2.0,0.2,0.2,0,94,0,84,0,10,0,28,0,25,0,31
500,0.1,454,46,1.0,5.0,0.0833333333333333,2.0,0.2,0.2,57,151,52,140,5,11,13,51,15,35,24,54
500,0.1,454,46,1.0,5.0,0.0833333333333333,2.0,0.2,0.2,36,99,30,88,6,11,8,30,10,30,12,28
500,0.1,454,46,1.0,5.0,0.0833333333333333,2.0,0.2,0.2,0,103,0,90,0,13,0,26,0,29,0,35
500,0.1,454,46,1.0,5.0,0.0833333333333333,2.0,0.2,0.2,19,168,17,152,2,16,5,45,5,58,7,49
500,0.1,454,46,1.0,5.0,0.0833333333333333,2.0,0.2,0.2,3,95,3,86,0,9,1,18,1,37,1,31
500,0.1,454,46,1.0,5.0,0.0833333333333333,2.0,0.2,0.3,81,282,74,257,7,25,27,71,24,123,23,63
500,0.1,454,46,1.0,5.0,0.0833333333333333,2.0,0.2,0.3,61,282,56,254,5,28,15,85,25,101,16,68
500,0.1,454,46,1.0,5.0,0.0833333333333333,2.0,0.2,0.3,108,216,100,194,8,22,34,52,37,84,29,58
500,0.1,454,46,1.0,5.0,0.0833333333333333,2.0,0.2,0.3,139,205,124,187,15,18,43,61,45,73,36,53
500,0.1,454,46,1.0,5.0,0.0833333333333333,2.0,0.2,0.3,42,195,41,174,1,21,12,55,18,73,11,46
500,0.1,454,46,1.0,5.0,0.0833333333333333,2.0,0.2,0.3,32,226,29,201,3,25,12,57,10,83,7,61
500,0.1,454,46,1.0,5.0,0.0833333333333333,2.0,0.2,0.3,74,184,69,165,5,19,18,57,22,62,29,46
500,0.1,454,46,1.0,5.0,0.0833333333333333,2.0,0.2,0.3,83,209,73,191,10,18,21,64,28,77,24,50
500,0.1,454,46,1.0,5.0,0.0833333333333333,2.0,0.2,0.3,40,255,39,225,1,30,12,64,19,100,8,61
500,0.1,454,46,1.0,5.0,0.0833333333333333,2.0,0.2,0.3,39,244,34,218,5,26,11,58,15,98,8,62
500,0.1,454,46,1.0,5.0,0.0833333333333333,2.0,0.2,0.3,11,228,11,200,0,28,2,63,7,89,2,48
500,0.1,454,46,1.0,5.0,0.0833333333333333,2.0,0.2,0.3,58,267,54,240,4,27,13,67,26,92,15,81
500,0.1,454,46,1.0,5.0,0.0833333333333333,2.0,0.2,0.3,48,195,44,175,4,20,6,52,17,71,21,52
500,0.1,454,46,1.0,5.0,0.0833333333333333,2.0,0.2,0.3,22,151,22,134,0,17,7,45,7,56,8,33
500,0.1,454,46,1.0,5.0,0.0833333333333333,2.0,0.2,0.3,41,189,40,169,1,20,16,52,13,76,11,41
500,0.1,454,46,1.0,5.0,0.0833333333333333,2.0,0.2,0.3,26,202,24,182,2,20,4,53,13,80,7,49
500,0.1,454,46,1.0,5.0,0.0833333333333333,2.0,0.2,0.3,2,196,1,176,1,20,0,58,1,78,0,40
500,0.1,454,46,1.0,5.0,0.0833333333333333,2.0,0.2,0.3,2,277,1,247,1,30,0,91,0,95,1,61
500,0.1,454,46,1.0,5.0,0.0833333333333333,2.0,0.2,0.3,0,212,0,192,0,20,0,73,0,68,0,51
500,0.1,454,46,1.0,5.0,0.0833333333333333,2.0,0.2,0.3,12,181,10,165,2,16,1,42,4,81,5,42
500,0.1,454,46,1.0,5.0,0.0833333333333333,2.0,0.2,0.4,126,313,117,282,9,31,35,78,57,141,25,63
500,0.1,454,46,1.0,5.0,0.0833333333333333,2.0,0.2,0.4,76,317,67,287,9,30,10,82,42,155,15,50
500,0.1,454,46,1.0,5.0,0.0833333333333333,2.0,0.2,0.4,111,318,100,294,11,24,29,88,49,147,22,59
500,0.1,454,46,1.0,5.0,0.0833333333333333,2.0,0.2,0.4,73,382,63,347,10,35,18,112,30,166,15,69
500,0.1,454,46,1.0,5.0,0.0833333333333333,2.0,0.2,0.4,51,398,47,357,4,41,14,110,23,191,10,56
500,0.1,454,46,1.0,5.0,0.0833333333333333,2.0,0.2,0.4,75,310,68,280,7,30,22,89,30,140,16,51
500,0.1,454,46,1.0,5.0,0.0833333333333333,2.0,0.2,0.4,50,393,48,355,2,38,14,112,25,188,9,55
500,0.1,454,46,1.0,5.0,0.0833333333333333,2.0,0.2,0.4,38,369,34,332,4,37,10,96,16,183,8,53
500,0.1,454,46,1.0,5.0,0.0833333333333333,2.0,0.2,0.4,8,371,8,330,0,41,2,99,4,163,2,68
500,0.1,454,46,1.0,5.0,0.0833333333333333,2.0,0.2,0.4,80,334,75,301,5,33,20,90,37,159,18,52
500,0.1,454,46,1.0,5.0,0.0833333333333333,2.0,0.2,0.4,44,395,40,356,4,39,13,99,19,196,8,61
500,0.1,454,46,1.0,5.0,0.0833333333333333,2.0,0.2,0.4,79,342,76,303,3,39,22,88,36,157,18,58
500,0.1,454,46,1.0,5.0,0.0833333333333333,2.0,0.2,0.4,38,263,34,234,4,29,10,76,18,116,6,42
500,0.1,454,46,1.0,5.0,0.0833333333333333,2.0,0.2,0.4,21,315,20,288,1,27,7,105,8,138,5,45
500,0.1,454,46,1.0,5.0,0.0833333333333333,2.0,0.2,0.4,36,325,31,297,5,28,13,81,11,154,7,62
500,0.1,454,46,1.0,5.0,0.0833333333333333,2.0,0.2,0.4,1,343,1,311,0,32,0,109,1,145,0,57
500,0.1,454,46,1.0,5.0,0.0833333333333333,2.0,0.2,0.4,23,259,21,237,2,22,5,75,11,121,5,41
500,0.1,454,46,1.0,5.0,0.0833333333333333,2.0,0.2,0.4,13,260,12,236,1,24,5,62,4,129,3,45
500,0.1,454,46,1.0,5.0,0.0833333333333333,2.0,0.2,0.4,11,277,9,250,2,27,2,82,4,123,3,45
500,0.1,454,46,1.0,5.0,0.0833333333333333,2.0,0.2,0.4,27,247,25,224,2,23,7,73,8,112,10,39
500,0.1,454,46,1.0,5.0,0.0833333333333333,2.0,0.2,0.5,91,396,83,359,8,37,24,130,54,198,5,31
500,0.1,454,46,1.0,5.0,0.0833333333333333,2.0,0.2,0.5,61,409,53,374,8,35,20,116,30,221,3,37
500,0.1,454,46,1.0,5.0,0.0833333333333333,2.0,0.2,0.5,28,444,27,400,1,44,8,110,16,249,3,41
500,0.1,454,46,1.0,5.0,0.0833333333333333,2.0,0.2,0.5,25,452,22,409,3,43,9,130,12,240,1,39
500,0.1,454,46,1.0,5.0,0.0833333333333333,2.0,0.2,0.5,9,424,9,381,0,43,5,123,3,226,1,32
500,0.1,454,46,1.0,5.0,0.0833333333333333,2.0,0.2,0.5,25,410,24,370,1,40,9,109,14,227,1,34
500,0.1,454,46,1.0,5.0,0.0833333333333333,2.0,0.2,0.5,60,419,56,379,4,40,12,118,37,222,7,39
500,0.1,454,46,1.0,5.0,0.0833333333333333,2.0,0.2,0.5,49,374,45,339,4,35,18,94,24,214,3,31
500,0.1,454,46,1.0,5.0,0.0833333333333333,2.0,0.2,0.5,87,372,79,339,8,33,24,93,51,216,4,30
500,0.1,454,46,1.0,5.0,0.0833333333333333,2.0,0.2,0.5,16,448,13,406,3,42,1,125,9,249,3,32
500,0.1,454,46,1.0,5.0,0.0833333333333333,2.0,0.2,0.5,35,416,34,375,1,41,11,106,18,224,5,45
500,0.1,454,46,1.0,5.0,0.0833333333333333,2.0,0.2,0.5,38,419,31,383,7,36,9,117,18,228,4,38
500,0.1,454,46,1.0,5.0,0.0833333333333333,2.0,0.2,0.5,3,419,2,382,1,37,2,124,0,229,0,29
500,0.1,454,46,1.0,5.0,0.0833333333333333,2.0,0.2,0.5,3,403,3,360,0,43,1,105,2,227,0,28
500,0.1,454,46,1.0,5.0,0.0833333333333333,2.0,0.2,0.5,53,331,51,294,2,37,18,86,29,178,4,30
500,0.1,454,46,1.0,5.0,0.0833333333333333,2.0,0.2,0.5,32,417,29,380,3,37,10,103,18,241,1,36
500,0.1,454,46,1.0,5.0,0.0833333333333333,2.0,0.2,0.5,16,337,15,306,1,31,2,93,11,185,2,28
500,0.1,454,46,1.0,5.0,0.0833333333333333,2.0,0.2,0.5,53,335,48,303,5,32,17,88,28,184,3,31
500,0.1,454,46,1.0,5.0,0.0833333333333333,2.0,0.2,0.5,26,392,23,353,3,39,8,115,13,207,2,31
500,0.1,454,46,1.0,5.0,0.0833333333333333,2.0,0.2,0.5,6,331,4,296,2,35,2,93,2,173,0,30
500,0.1,454,46,1.0,5.0,0.0833333333333333,2.0,0.3,0.1,125,223,111,202,14,21,42,89,21,42,48,71
500,0.1,454,46,1.0,5.0,0.0833333333333333,2.0,0.3,0.1,103,241,96,213,7,28,46,94,14,45,36,74
500,0.1,454,46,1.0,5.0,0.0833333333333333,2.0,0.3,0.1,166,141,149,128,17,13,60,50,28,25,61,53
500,0.1,454,46,1.0,5.0,0.0833333333333333,2.0,0.3,0.1,91,173,87,153,4,20,29,59,17,31,41,63
500,0.1,454,46,1.0,5.0,0.0833333333333333,2.0,0.3,0.1,138,150,126,137,12,13,42,56,24,22,60,59
500,0.1,454,46,1.0,5.0,0.0833333333333333,2.0,0.3,0.1,152,217,138,194,14,23,48,84,37,34,53,76
500,0.1,454,46,1.0,5.0,0.0833333333333333,2.0,0.3,0.1,74,169,68,154,6,15,25,75,10,28,33,51
500,0.1,454,46,1.0,5.0,0.0833333333333333,2.0,0.3,0.1,58,211,49,187,9,24,22,78,8,37,19,72
500,0.1,454,46,1.0,5.0,0.0833333333333333,2.0,0.3,0.1,16,191,14,173,2,18,6,71,6,27,2,75
500,0.1,454,46,1.0,5.0,0.0833333333333333,2.0,0.3,0.1,140,202,126,182,14,20,48,56,31,51,47,75
500,0.1,454,46,1.0,5.0,0.0833333333333333,2.0,0.3,0.1,81,205,73,185,8,20,32,98,12,32,29,55
500,0.1,454,46,1.0,5.0,0.0833333333333333,2.0,0.3,0.1,79,289,71,264,8,25,29,124,13,56,29,84
500,0.1,454,46,1.0,5.0,0.0833333333333333,2.0,0.3,0.1,8,199,8,181,0,18,5,84,2,38,1,59
500,0.1,454,46,1.0,5.0,0.0833333333333333,2.0,0.3,0.1,18,178,17,152,1,26,6,64,6,27,5,61
500,0.1,454,46,1.0,5.0,0.0833333333333333,2.0,0.3,0.1,53,197,50,173,3,24,21,66,15,42,14,65
500,0.1,454,46,1.0,5.0,0.0833333333333333,2.0,0.3,0.1,33,308,33,278,0,30,11,134,4,58,18,86
500,0.1,454,46,1.0,5.0,0.0833333333333333,2.0,0.3,0.1,30,184,29,165,1,19,9,68,7,34,13,63
500,0.1,454,46,1.0,5.0,0.0833333333333333,2.0,0.3,0.1,0,172,0,151,0,21,0,66,0,30,0,55
500,0.1,454,46,1.0,5.0,0.0833333333333333,2.0,0.3,0.1,1,232,0,211,1,21,0,101,0,45,0,65
500,0.1,454,46,1.0,5.0,0.0833333333333333,2.0,0.3,0.1,2,176,2,161,0,15,1,70,0,38,1,53
500,0.1,454,46,1.0,5.0,0.0833333333333333,2.0,0.3,0.2,59,288,57,258,2,30,25,87,13,92,19,79
500,0.1,454,46,1.0,5.0,0.0833333333333333,2.0,0.3,0.2,86,223,78,200,8,23,36,94,16,54,26,52
500,0.1,454,46,1.0,5.0,0.0833333333333333,2.0,0.3,0.2,135,212,126,186,9,26,58,83,37,52,31,51
500,0.1,454,46,1.0,5.0,0.0833333333333333,2.0,0.3,0.2,38,306,37,274,1,32,19,111,10,91,8,72
500,0.1,454,46,1.0,5.0,0.0833333333333333,2.0,0.3,0.2,46,249,40,229,6,20,14,110,10,68,16,51
500,0.1,454,46,1.0,5.0,0.0833333333333333,2.0,0.3,0.2,89,327,82,296,7,31,32,140,22,84,28,72
500,0.1,454,46,1.0,5.0,0.0833333333333333,2.0,0.3,0.2,39,375,36,337,3,38,15,145,12,107,9,85
500,0.1,454,46,1.0,5.0,0.0833333333333333,2.0,0.3,0.2,33,229,32,202,1,27,12,73,10,76,10,53
500,0.1,454,46,1.0,5.0,0.0833333333333333,2.0,0.3,0.2,16,299,13,270,3,29,7,112,1,90,5,68
500,0.1,454,46,1.0,5.0,0.0833333333333333,2.0,0.3,0.2,46,309,41,274,5,35,15,104,14,85,12,85
500,0.1,454,46,1.0,5.0,0.0833333333333333,2.0,0.3,0.2,20,293,19,252,1,41,2,108,10,82,7,62
500,0.1,454,46,1.0,5.0,0.0833333333333333,2.0,0.3,0.2,56,273,49,246,7,27,21,94,13,92,15,60
500,0.1,454,46,1.0,5.0,0.0833333333333333,2.0,0.3,0.2,8,246,8,220,0,26,2,85,1,69,5,66
500,0.1,454,46,1.0,5.0,0.0833333333333333,2.0,0.3,0.2,8,313,7,276,1,37,2,105,1,98,4,73
500,0.1,454,46,1.0,5.0,0.0833333333333333,2.0,0.3,0.2,18,311,17,283,1,28,7,118,3,98,7,67
500,0.1,454,46,1.0,5.0,0.0833333333333333,2.0,0.3,0.2,41,224,37,205,4,19,10,89,14,59,13,57
500,0.1,454,46,1.0,5.0,0.0833333333333333,2.0,0.3,0.2,42,182,37,167,5,15,14,73,13,51,10,43
500,0.1,454,46,1.0,5.0,0.0833333333333333,2.0,0.3,0.2,8,155,6,141,2,14,2,56,1,49,3,36
500,0.1,454,46,1.0,5.0,0.0833333333333333,2.0,0.3,0.2,3,322,2,290,1,32,1,116,1,103,0,71
500,0.1,454,46,1.0,5.0,0.0833333333333333,2.0,0.3,0.2,2,156,2,140,0,16,1,53,1,41,0,46
500,0.1,454,46,1.0,5.0,0.0833333333333333,2.0,0.3,0.3,66,383,59,350,7,33,18,136,25,157,16,57
500,0.1,454,46,1.0,5.0,0.0833333333333333,2.0,0.3,0.3,106,357,101,317,5,40,33,114,42,132,26,71
500,0.1,454,46,1.0,5.0,0.0833333333333333,2.0,0.3,0.3,45,367,39,333,6,34,18,133,14,141,7,59
500,0.1,454,46,1.0,5.0,0.0833333333333333,2.0,0.3,0.3,55,348,50,312,5,36,19,137,20,121,11,54
500,0.1,454,46,1.0,5.0,0.0833333333333333,2.0,0.3,0.3,20,412,20,373,0,39,9,156,8,150,3,67
500,0.1,454,46,1.0,5.0,0.0833333333333333,2.0,0.3,0.3,17,368,17,330,0,38,7,131,6,140,4,59
500,0.1,454,46,1.0,5.0,0.0833333333333333,2.0,0.3,0.3,12,427,11,385,1,42,5,146,5,160,1,79
500,0.1,454,46,1.0,5.0,0.0833333333333333,2.0,0.3,0.3,93,373,88,334,5,39,34,141,28,140,26,53
500,0.1,454,46,1.0,5.0,0.0833333333333333,2.0,0.3,0.3,16,417,14,379,2,38,4,158,6,157,4,64
500,0.1,454,46,1.0,5.0,0.0833333333333333,2.0,0.3,0.3,33,342,32,303,1,39,14,114,12,128,6,61
500,0.1,454,46,1.0,5.0,0.0833333333333333,2.0,0.3,0.3,25,382,23,346,2,36,10,140,8,137,5,69
500,0.1,454,46,1.0,5.0,0.0833333333333333,2.0,0.3,0.3,41,377,36,340,5,37,15,142,13,145,8,53
500,0.1,454,46,1.0,5.0,0.0833333333333333,2.0,0.3,0.3,32,356,31,319,1,37,13,135,14,121,4,63
500,0.1,454,46,1.0,5.0,0.0833333333333333,2.0,0.3,0.3,24,396,20,361,4,35,7,135,11,158,2,68
500,0.1,454,46,1.0,5.0,0.0833333333333333,2.0,0.3,0.3,15,352,13,312,2,40,4,128,4,121,5,63
500,0.1,454,46,1.0,5.0,0.0833333333333333,2.0,0.3,0.3,45,368,38,334,7,34,15,139,14,137,9,58
500,0.1,454,46,1.0,5.0,0.0833333333333333,2.0,0.3,0.3,4,269,3,241,1,28,2,92,1,106,0,43
500,0.1,454,46,1.0,5.0,0.0833333333333333,2.0,0.3,0.3,0,336,0,299,0,37,0,118,0,123,0,58
500,0.1,454,46,1.0,5.0,0.0833333333333333,2.0,0.3,0.3,33,323,32,290,1,33,14,117,11,111,7,62
500,0.1,454,46,1.0,5.0,0.0833333333333333,2.0,0.3,0.3,0,344,0,314,0,30,0,127,0,118,0,69
500,0.1,454,46,1.0,5.0,0.0833333333333333,2.0,0.3,0.4,55,429,49,389,6,40,18,154,25,202,6,33
500,0.1,454,46,1.0,5.0,0.0833333333333333,2.0,0.3,0.4,50,424,46,384,4,40,19,155,23,197,4,32
500,0.1,454,46,1.0,5.0,0.0833333333333333,2.0,0.3,0.4,10,453,8,412,2,41,4,167,4,207,0,38
500,0.1,454,46,1.0,5.0,0.0833333333333333,2.0,0.3,0.4,33,452,30,410,3,42,9,166,14,210,7,34
500,0.1,454,46,1.0,5.0,0.0833333333333333,2.0,0.3,0.4,70,421,63,382,7,39,32,158,22,185,9,39
500,0.1,454,46,1.0,5.0,0.0833333333333333,2.0,0.3,0.4,12,449,11,406,1,43,7,166,1,200,3,40
500,0.1,454,46,1.0,5.0,0.0833333333333333,2.0,0.3,0.4,30,433,25,395,5,38,10,149,11,206,4,40
500,0.1,454,46,1.0,5.0,0.0833333333333333,2.0,0.3,0.4,48,436,44,394,4,42,15,154,23,200,6,40
500,0.1,454,46,1.0,5.0,0.0833333333333333,2.0,0.3,0.4,29,428,29,383,0,45,9,155,16,190,4,38
500,0.1,454,46,1.0,5.0,0.0833333333333333,2.0,0.3,0.4,34,427,28,389,6,38,8,152,20,194,0,43
500,0.1,454,46,1.0,5.0,0.0833333333333333,2.0,0.3,0.4,6,440,6,398,0,42,2,161,4,209,0,28
500,0.1,454,46,1.0,5.0,0.0833333333333333,2.0,0.3,0.4,48,417,45,381,3,36,20,149,21,185,4,47
500,0.1,454,46,1.0,5.0,0.0833333333333333,2.0,0.3,0.4,9,431,9,388,0,43,3,157,5,192,1,39
500,0.1,454,46,1.0,5.0,0.0833333333333333,2.0,0.3,0.4,5,451,5,409,0,42,2,189,3,190,0,30
500,0.1,454,46,1.0,5.0,0.0833333333333333,2.0,0.3,0.4,24,424,22,384,2,40,6,145,14,199,2,40
500,0.1,454,46,1.0,5.0,0.0833333333333333,2.0,0.3,0.4,14,437,12,395,2,42,5,175,5,176,2,44
500,0.1,454,46,1.0,5.0,0.0833333333333333,2.0,0.3,0.4,14,415,12,378,2,37,5,156,7,192,0,30
500,0.1,454,46,1.0,5.0,0.0833333333333333,2.0,0.3,0.4,0,407,0,366,0,41,0,157,0,171,0,38
500,0.1,454,46,1.0,5.0,0.0833333333333333,2.0,0.3,0.4,10,351,10,316,0,35,5,118,3,160,2,38
500,0.1,454,46,1.0,5.0,0.0833333333333333,2.0,0.3,0.4,24,382,21,345,3,37,7,148,11,168,3,29
500,0.1,454,46,1.0,5.0,0.0833333333333333,2.0,0.3,0.5,1,483,1,437,0,46,1,179,0,258,0,0
500,0.1,454,46,1.0,5.0,0.0833333333333333,2.0,0.3,0.5,64,425,58,385,6,40,20,150,38,235,0,0
500,0.1,454,46,1.0,5.0,0.0833333333333333,2.0,0.3,0.5,91,403,82,366,9,37,44,150,38,216,0,0
500,0.1,454,46,1.0,5.0,0.0833333333333333,2.0,0.3,0.5,3,487,3,441,0,46,0,182,3,259,0,0
500,0.1,454,46,1.0,5.0,0.0833333333333333,2.0,0.3,0.5,24,462,20,420,4,42,10,175,10,245,0,0
500,0.1,454,46,1.0,5.0,0.0833333333333333,2.0,0.3,0.5,29,463,27,420,2,43,14,180,13,240,0,0
500,0.1,454,46,1.0,5.0,0.0833333333333333,2.0,0.3,0.5,0,490,0,444,0,46,0,187,0,257,0,0
500,0.1,454,46,1.0,5.0,0.0833333333333333,2.0,0.3,0.5,14,485,11,442,3,43,5,183,6,259,0,0
500,0.1,454,46,1.0,5.0,0.0833333333333333,2.0,0.3,0.5,52,435,47,394,5,41,20,150,27,244,0,0
500,0.1,454,46,1.0,5.0,0.0833333333333333,2.0,0.3,0.5,53,440,50,398,3,42,17,177,33,221,0,0
500,0.1,454,46,1.0,5.0,0.0833333333333333,2.0,0.3,0.5,40,444,38,400,2,44,17,170,21,230,0,0
500,0.1,454,46,1.0,5.0,0.0833333333333333,2.0,0.3,0.5,22,468,20,425,2,43,5,157,15,268,0,0
500,0.1,454,46,1.0,5.0,0.0833333333333333,2.0,0.3,0.5,19,461,17,419,2,42,8,161,9,258,0,0
500,0.1,454,46,1.0,5.0,0.0833333333333333,2.0,0.3,0.5,49,422,46,380,3,42,19,148,27,232,0,0
500,0.1,454,46,1.0,5.0,0.0833333333333333,2.0,0.3,0.5,22,463,20,419,2,44,8,156,12,263,0,0
500,0.1,454,46,1.0,5.0,0.0833333333333333,2.0,0.3,0.5,31,439,28,397,3,42,10,159,18,238,0,0
500,0.1,454,46,1.0,5.0,0.0833333333333333,2.0,0.3,0.5,0,454,0,414,0,40,0,159,0,255,0,0
500,0.1,454,46,1.0,5.0,0.0833333333333333,2.0,0.3,0.5,2,442,1,400,1,42,1,156,0,244,0,0
500,0.1,454,46,1.0,5.0,0.0833333333333333,2.0,0.3,0.5,6,446,6,407,0,39,3,171,3,236,0,0
500,0.1,454,46,1.0,5.0,0.0833333333333333,2.0,0.3,0.5,0,466,0,422,0,44,0,178,0,244,0,0
500,0.1,454,46,1.0,5.0,0.0833333333333333,2.0,0.4,0.1,70,321,60,293,10,28,29,143,14,66,17,84
500,0.1,454,46,1.0,5.0,0.0833333333333333,2.0,0.4,0.1,98,230,90,205,8,25,40,109,20,47,30,49
500,0.1,454,46,1.0,5.0,0.0833333333333333,2.0,0.4,0.1,78,323,73,288,5,35,28,152,16,64,29,72
500,0.1,454,46,1.0,5.0,0.0833333333333333,2.0,0.4,0.1,42,383,40,345,2,38,21,186,5,64,14,95
500,0.1,454,46,1.0,5.0,0.0833333333333333,2.0,0.4,0.1,93,256,86,223,7,33,39,116,16,45,31,62
500,0.1,454,46,1.0,5.0,0.0833333333333333,2.0,0.4,0.1,44,361,38,323,6,38,14,184,6,71,18,68
500,0.1,454,46,1.0,5.0,0.0833333333333333,2.0,0.4,0.1,104,344,98,310,6,34,44,171,22,64,32,75
500,0.1,454,46,1.0,5.0,0.0833333333333333,2.0,0.4,0.1,52,275,48,248,4,27,18,132,12,61,18,55
500,0.1,454,46,1.0,5.0,0.0833333333333333,2.0,0.4,0.1,26,358,25,325,1,33,15,180,5,69,5,76
500,0.1,454,46,1.0,5.0,0.0833333333333333,2.0,0.4,0.1,30,339,26,303,4,36,7,159,7,70,12,74
500,0.1,454,46,1.0,5.0,0.0833333333333333,2.0,0.4,0.1,48,311,44,282,4,29,21,161,11,43,12,78
500,0.1,454,46,1.0,5.0,0.0833333333333333,2.0,0.4,0.1,59,327,51,299,8,28,26,170,8,52,17,77
500,0.1,454,46,1.0,5.0,0.0833333333333333,2.0,0.4,0.1,0,382,0,338,0,44,0,194,0,59,0,85
500,0.1,454,46,1.0,5.0,0.0833333333333333,2.0,0.4,0.1,44,323,42,285,2,38,24,161,10,56,8,68
500,0.1,454,46,1.0,5.0,0.0833333333333333,2.0,0.4,0.1,30,318,26,286,4,32,18,149,6,55,2,82
500,0.1,454,46,1.0,5.0,0.0833333333333333,2.0,0.4,0.1,25,355,22,320,3,35,13,153,3,65,6,102
500,0.1,454,46,1.0,5.0,0.0833333333333333,2.0,0.4,0.1,24,306,22,278,2,28,10,144,3,58,9,76
500,0.1,454,46,1.0,5.0,0.0833333333333333,2.0,0.4,0.1,6,274,6,249,0,25,4,121,2,50,0,78
500,0.1,454,46,1.0,5.0,0.0833333333333333,2.0,0.4,0.1,11,276,10,249,1,27,4,135,3,54,3,60
500,0.1,454,46,1.0,5.0,0.0833333333333333,2.0,0.4,0.1,35,289,33,263,2,26,11,142,7,55,15,66
500,0.1,454,46,1.0,5.0,0.0833333333333333,2.0,0.4,0.2,36,440,36,394,0,46,16,196,10,135,10,63
500,0.1,454,46,1.0,5.0,0.0833333333333333,2.0,0.4,0.2,56,418,53,375,3,43,21,200,22,107,10,68
500,0.1,454,46,1.0,5.0,0.0833333333333333,2.0,0.4,0.2,57,346,55,310,2,36,27,159,18,82,10,69
500,0.1,454,46,1.0,5.0,0.0833333333333333,2.0,0.4,0.2,86,335,80,306,6,29,36,148,30,96,14,62
500,0.1,454,46,1.0,5.0,0.0833333333333333,2.0,0.4,0.2,82,316,70,286,12,30,41,158,12,79,17,49
500,0.1,454,46,1.0,5.0,0.0833333333333333,2.0,0.4,0.2,38,421,35,382,3,39,16,205,7,105,12,72
500,0.1,454,46,1.0,5.0,0.0833333333333333,2.0,0.4,0.2,25,422,25,381,0,41,10,199,6,122,9,60
500,0.1,454,46,1.0,5.0,0.0833333333333333,2.0,0.4,0.2,16,433,12,392,4,41,4,195,4,121,4,76
500,0.1,454,46,1.0,5.0,0.0833333333333333,2.0,0.4,0.2,56,389,52,351,4,38,23,179,17,106,12,66
500,0.1,454,46,1.0,5.0,0.0833333333333333,2.0,0.4,0.2,21,436,19,394,2,42,8,208,8,107,3,79
500,0.1,454,46,1.0,5.0,0.0833333333333333,2.0,0.4,0.2,30,406,29,368,1,38,12,182,9,130,8,56
500,0.1,454,46,1.0,5.0,0.0833333333333333,2.0,0.4,0.2,24,391,21,354,3,37,14,169,5,108,2,77
500,0.1,454,46,1.0,5.0,0.0833333333333333,2.0,0.4,0.2,19,386,17,346,2,40,8,187,6,102,3,57
500,0.1,454,46,1.0,5.0,0.0833333333333333,2.0,0.4,0.2,12,391,12,352,0,39,3,178,6,113,3,61
500,0.1,454,46,1.0,5.0,0.0833333333333333,2.0,0.4,0.2,14,436,12,395,2,41,7,210,3,109,2,76
500,0.1,454,46,1.0,5.0,0.0833333333333333,2.0,0.4,0.2,17,394,14,358,3,36,4,171,5,123,5,64
500,0.1,454,46,1.0,5.0,0.0833333333333333,2.0,0.4,0.2,11,340,11,306,0,34,8,149,2,90,1,67
500,0.1,454,46,1.0,5.0,0.0833333333333333,2.0,0.4,0.2,10,322,10,287,0,35,3,144,3,85,4,58
500,0.1,454,46,1.0,5.0,0.0833333333333333,2.0,0.4,0.2,0,402,0,361,0,41,0,195,0,108,0,58
500,0.1,454,46,1.0,5.0,0.0833333333333333,2.0,0.4,0.2,3,397,2,357,1,40,1,187,0,107,1,63
500,0.1,454,46,1.0,5.0,0.0833333333333333,2.0,0.4,0.3,98,371,90,335,8,36,44,185,35,119,11,31
500,0.1,454,46,1.0,5.0,0.0833333333333333,2.0,0.4,0.3,47,413,44,372,3,41,21,188,18,148,5,36
500,0.1,454,46,1.0,5.0,0.0833333333333333,2.0,0.4,0.3,7,463,7,420,0,43,5,220,1,158,1,42
500,0.1,454,46,1.0,5.0,0.0833333333333333,2.0,0.4,0.3,21,457,21,413,0,44,12,209,6,152,3,52
500,0.1,454,46,1.0,5.0,0.0833333333333333,2.0,0.4,0.3,37,443,33,401,4,42,12,203,19,170,2,28
500,0.1,454,46,1.0,5.0,0.0833333333333333,2.0,0.4,0.3,8,466,8,421,0,45,2,238,4,150,2,33
500,0.1,454,46,1.0,5.0,0.0833333333333333,2.0,0.4,0.3,171,312,154,284,17,28,73,157,68,111,13,16
500,0.1,454,46,1.0,5.0,0.0833333333333333,2.0,0.4,0.3,38,448,36,405,2,43,21,189,15,172,0,44
500,0.1,454,46,1.0,5.0,0.0833333333333333,2.0,0.4,0.3,18,444,17,400,1,44,9,207,8,151,0,42
500,0.1,454,46,1.0,5.0,0.0833333333333333,2.0,0.4,0.3,20,432,19,390,1,42,10,205,6,154,3,31
500,0.1,454,46,1.0,5.0,0.0833333333333333,2.0,0.4,0.3,21,451,18,410,3,41,12,190,6,170,0,50
500,0.1,454,46,1.0,5.0,0.0833333333333333,2.0,0.4,0.3,48,433,46,390,2,43,23,200,18,154,5,36
500,0.1,454,46,1.0,5.0,0.0833333333333333,2.0,0.4,0.3,67,400,60,361,7,39,28,170,25,158,7,33
500,0.1,454,46,1.0,5.0,0.0833333333333333,2.0,0.4,0.3,15,435,14,391,1,44,6,216,6,150,2,25
500,0.1,454,46,1.0,5.0,0.0833333333333333,2.0,0.4,0.3,5,439,4,398,1,41,2,197,2,153,0,48
500,0.1,454,46,1.0,5.0,0.0833333333333333,2.0,0.4,0.3,17,437,15,397,2,40,6,206,6,152,3,39
500,0.1,454,46,1.0,5.0,0.0833333333333333,2.0,0.4,0.3,26,407,23,371,3,36,15,204,7,130,1,37
500,0.1,454,46,1.0,5.0,0.0833333333333333,2.0,0.4,0.3,31,370,27,332,4,38,11,172,15,126,1,34
500,0.1,454,46,1.0,5.0,0.0833333333333333,2.0,0.4,0.3,73,382,67,344,6,38,35,169,28,142,4,33
500,0.1,454,46,1.0,5.0,0.0833333333333333,2.0,0.4,0.3,50,380,40,346,10,34,18,180,20,142,2,24
500,0.1,454,46,1.0,5.0,0.0833333333333333,2.0,0.4,0.4,20,473,17,430,3,43,12,202,5,228,0,0
500,0.1,454,46,1.0,5.0,0.0833333333333333,2.0,0.4,0.4,40,448,39,403,1,45,16,180,23,223,0,0
500,0.1,454,46,1.0,5.0,0.0833333333333333,2.0,0.4,0.4,4,491,3,446,1,45,2,228,1,218,0,0
500,0.1,454,46,1.0,5.0,0.0833333333333333,2.0,0.4,0.4,11,483,9,439,2,44,8,214,1,225,0,0
500,0.1,454,46,1.0,5.0,0.0833333333333333,2.0,0.4,0.4,10,474,10,428,0,46,4,215,6,213,0,0
500,0.1,454,46,1.0,5.0,0.0833333333333333,2.0,0.4,0.4,44,434,39,393,5,41,24,198,15,195,0,0
500,0.1,454,46,1.0,5.0,0.0833333333333333,2.0,0.4,0.4,28,457,23,417,5,40,10,227,13,190,0,0
500,0.1,454,46,1.0,5.0,0.0833333333333333,2.0,0.4,0.4,9,470,7,426,2,44,3,216,4,210,0,0
500,0.1,454,46,1.0,5.0,0.0833333333333333,2.0,0.4,0.4,38,448,34,406,4,42,25,197,9,209,0,0
500,0.1,454,46,1.0,5.0,0.0833333333333333,2.0,0.4,0.4,45,445,38,408,7,37,18,210,20,198,0,0
500,0.1,454,46,1.0,5.0,0.0833333333333333,2.0,0.4,0.4,22,473,22,428,0,45,13,192,9,236,0,0
500,0.1,454,46,1.0,5.0,0.0833333333333333,2.0,0.4,0.4,40,447,35,406,5,41,17,209,18,197,0,0
500,0.1,454,46,1.0,5.0,0.0833333333333333,2.0,0.4,0.4,0,479,0,435,0,44,0,226,0,209,0,0
500,0.1,454,46,1.0,5.0,0.0833333333333333,2.0,0.4,0.4,79,401,68,367,11,34,34,190,34,177,0,0
500,0.1,454,46,1.0,5.0,0.0833333333333333,2.0,0.4,0.4,33,450,27,410,6,40,15,203,12,207,0,0
500,0.1,454,46,1.0,5.0,0.0833333333333333,2.0,0.4,0.4,1,471,1,429,0,42,0,215,1,214,0,0
500,0.1,454,46,1.0,5.0,0.0833333333333333,2.0,0.4,0.4,30,438,28,397,2,41,16,199,12,198,0,0
500,0.1,454,46,1.0,5.0,0.0833333333333333,2.0,0.4,0.4,14,430,12,388,2,42,4,198,8,190,0,0
500,0.1,454,46,1.0,5.0,0.0833333333333333,2.0,0.4,0.4,4,455,4,413,0,42,1,213,3,200,0,0
500,0.1,454,46,1.0,5.0,0.0833333333333333,2.0,0.4,0.4,14,419,14,376,0,43,4,180,10,196,0,0
500,0.1,454,46,1.0,5.0,0.0833333333333333,2.0,0.4,0.5,50,446,43,407,7,39,27,207,16,200,0,0
500,0.1,454,46,1.0,5.0,0.0833333333333333,2.0,0.4,0.5,49,447,40,410,9,37,19,210,21,200,0,0
500,0.1,454,46,1.0,5.0,0.0833333333333333,2.0,0.4,0.5,43,445,40,402,3,43,24,196,16,206,0,0
500,0.1,454,46,1.0,5.0,0.0833333333333333,2.0,0.4,0.5,18,474,18,428,0,46,8,224,10,204,0,0
500,0.1,454,46,1.0,5.0,0.0833333333333333,2.0,0.4,0.5,1,485,1,439,0,46,0,211,1,228,0,0
500,0.1,454,46,1.0,5.0,0.0833333333333333,2.0,0.4,0.5,12,480,12,437,0,43,5,203,7,234,0,0
500,0.1,454,46,1.0,5.0,0.0833333333333333,2.0,0.4,0.5,28,462,24,420,4,42,14,202,10,218,0,0
500,0.1,454,46,1.0,5.0,0.0833333333333333,2.0,0.4,0.5,10,475,10,429,0,46,5,216,5,213,0,0
500,0.1,454,46,1.0,5.0,0.0833333333333333,2.0,0.4,0.5,10,486,8,444,2,42,6,232,2,212,0,0
500,0.1,454,46,1.0,5.0,0.0833333333333333,2.0,0.4,0.5,29,456,28,412,1,44,16,200,12,212,0,0
500,0.1,454,46,1.0,5.0,0.0833333333333333,2.0,0.4,0.5,61,418,52,381,9,37,26,184,26,197,0,0
500,0.1,454,46,1.0,5.0,0.0833333333333333,2.0,0.4,0.5,48,439,44,398,4,41,28,212,16,186,0,0
500,0.1,454,46,1.0,5.0,0.0833333333333333,2.0,0.4,0.5,90,383,84,343,6,40,43,152,41,191,0,0
500,0.1,454,46,1.0,5.0,0.0833333333333333,2.0,0.4,0.5,8,483,6,440,2,43,6,201,0,239,0,0
500,0.1,454,46,1.0,5.0,0.0833333333333333,2.0,0.4,0.5,3,476,3,430,0,46,1,224,2,206,0,0
500,0.1,454,46,1.0,5.0,0.0833333333333333,2.0,0.4,0.5,4,468,3,426,1,42,3,222,0,204,0,0
500,0.1,454,46,1.0,5.0,0.0833333333333333,2.0,0.4,0.5,18,437,18,394,0,43,6,219,12,175,0,0
500,0.1,454,46,1.0,5.0,0.0833333333333333,2.0,0.4,0.5,15,435,13,394,2,41,3,198,10,196,0,0
500,0.1,454,46,1.0,5.0,0.0833333333333333,2.0,0.4,0.5,12,429,11,390,1,39,8,172,3,218,0,0
500,0.1,454,46,1.0,5.0,0.0833333333333333,2.0,0.4,0.5,1,459,1,420,0,39,0,216,1,204,0,0
500,0.1,454,46,1.0,5.0,0.0833333333333333,2.0,0.5,0.1,23,421,21,380,2,41,13,237,4,72,4,71
500,0.1,454,46,1.0,5.0,0.0833333333333333,2.0,0.5,0.1,17,455,15,413,2,42,11,256,2,73,2,84
500,0.1,454,46,1.0,5.0,0.0833333333333333,2.0,0.5,0.1,68,392,62,354,6,38,31,212,14,70,17,72
500,0.1,454,46,1.0,5.0,0.0833333333333333,2.0,0.5,0.1,20,446,20,400,0,46,10,251,3,80,7,69
500,0.1,454,46,1.0,5.0,0.0833333333333333,2.0,0.5,0.1,102,316,95,284,7,32,56,182,17,53,22,49
500,0.1,454,46,1.0,5.0,0.0833333333333333,2.0,0.5,0.1,33,402,29,361,4,41,18,229,4,68,7,64
500,0.1,454,46,1.0,5.0,0.0833333333333333,2.0,0.5,0.1,31,441,26,401,5,40,14,249,4,87,8,65
500,0.1,454,46,1.0,5.0,0.0833333333333333,2.0,0.5,0.1,19,447,15,407,4,40,8,250,3,80,4,77
500,0.1,454,46,1.0,5.0,0.0833333333333333,2.0,0.5,0.1,5,448,5,413,0,35,4,253,0,81,1,79
500,0.1,454,46,1.0,5.0,0.0833333333333333,2.0,0.5,0.1,21,426,16,388,5,38,9,234,3,77,4,77
500,0.1,454,46,1.0,5.0,0.0833333333333333,2.0,0.5,0.1,37,371,33,337,4,34,17,193,6,63,10,81
500,0.1,454,46,1.0,5.0,0.0833333333333333,2.0,0.5,0.1,0,401,0,362,0,39,0,229,0,70,0,63
500,0.1,454,46,1.0,5.0,0.0833333333333333,2.0,0.5,0.1,8,451,7,408,1,43,5,269,2,76,0,63
500,0.1,454,46,1.0,5.0,0.0833333333333333,2.0,0.5,0.1,8,400,6,361,2,39,2,245,3,55,1,61
500,0.1,454,46,1.0,5.0,0.0833333333333333,2.0,0.5,0.1,33,408,30,369,3,39,21,227,4,77,5,65
500,0.1,454,46,1.0,5.0,0.0833333333333333,2.0,0.5,0.1,2,423,2,378,0,45,2,245,0,67,0,66
500,0.1,454,46,1.0,5.0,0.0833333333333333,2.0,0.5,0.1,34,386,30,347,4,39,17,197,7,92,6,58
500,0.1,454,46,1.0,5.0,0.0833333333333333,2.0,0.5,0.1,4,432,4,390,0,42,2,228,1,91,1,71
500,0.1,454,46,1.0,5.0,0.0833333333333333,2.0,0.5,0.1,31,375,26,340,5,35,15,209,7,68,4,63
500,0.1,454,46,1.0,5.0,0.0833333333333333,2.0,0.5,0.1,48,356,47,316,1,40,31,193,11,64,5,59
500,0.1,454,46,1.0,5.0,0.0833333333333333,2.0,0.5,0.2,7,453,7,408,0,45,6,237,1,129,0,42
500,0.1,454,46,1.0,5.0,0.0833333333333333,2.0,0.5,0.2,38,444,37,399,1,45,22,238,11,115,4,46
500,0.1,454,46,1.0,5.0,0.0833333333333333,2.0,0.5,0.2,30,436,22,399,8,37,12,228,7,124,3,47
500,0.1,454,46,1.0,5.0,0.0833333333333333,2.0,0.5,0.2,11,472,10,430,1,42,5,248,4,132,1,50
500,0.1,454,46,1.0,5.0,0.0833333333333333,2.0,0.5,0.2,1,470,1,424,0,46,0,271,0,120,1,33
500,0.1,454,46,1.0,5.0,0.0833333333333333,2.0,0.5,0.2,23,453,21,409,2,44,10,249,10,108,1,52
500,0.1,454,46,1.0,5.0,0.0833333333333333,2.0,0.5,0.2,18,461,18,416,0,45,10,259,5,113,3,44
500,0.1,454,46,1.0,5.0,0.0833333333333333,2.0,0.5,0.2,27,437,25,395,2,42,14,233,9,128,2,34
500,0.1,454,46,1.0,5.0,0.0833333333333333,2.0,0.5,0.2,1,463,1,417,0,46,1,252,0,128,0,37
500,0.1,454,46,1.0,5.0,0.0833333333333333,2.0,0.5,0.2,31,434,26,394,5,40,16,243,10,103,0,48
500,0.1,454,46,1.0,5.0,0.0833333333333333,2.0,0.5,0.2,6,453,6,409,0,44,4,244,2,125,0,40
500,0.1,454,46,1.0,5.0,0.0833333333333333,2.0,0.5,0.2,18,432,15,393,3,39,9,225,5,121,1,47
500,0.1,454,46,1.0,5.0,0.0833333333333333,2.0,0.5,0.2,13,458,11,416,2,42,8,262,1,116,2,38
500,0.1,454,46,1.0,5.0,0.0833333333333333,2.0,0.5,0.2,8,461,8,417,0,44,5,248,3,123,0,46
500,0.1,454,46,1.0,5.0,0.0833333333333333,2.0,0.5,0.2,12,460,12,414,0,46,11,237,1,138,0,39
500,0.1,454,46,1.0,5.0,0.0833333333333333,2.0,0.5,0.2,16,438,15,399,1,39,12,259,2,106,1,34
500,0.1,454,46,1.0,5.0,0.0833333333333333,2.0,0.5,0.2,2,423,2,380,0,43,2,249,0,91,0,40
500,0.1,454,46,1.0,5.0,0.0833333333333333,2.0,0.5,0.2,41,393,38,356,3,37,27,214,8,107,3,35
500,0.1,454,46,1.0,5.0,0.0833333333333333,2.0,0.5,0.2,20,408,18,368,2,40,12,234,6,101,0,33
500,0.1,454,46,1.0,5.0,0.0833333333333333,2.0,0.5,0.2,0,426,0,390,0,36,0,230,0,120,0,40
500,0.1,454,46,1.0,5.0,0.0833333333333333,2.0,0.5,0.3,65,430,57,392,8,38,42,226,15,166,0,0
500,0.1,454,46,1.0,5.0,0.0833333333333333,2.0,0.5,0.3,5,494,4,449,1,45,3,286,1,163,0,0
500,0.1,454,46,1.0,5.0,0.0833333333333333,2.0,0.5,0.3,10,476,10,430,0,46,8,232,2,198,0,0
500,0.1,454,46,1.0,5.0,0.0833333333333333,2.0,0.5,0.3,10,482,9,437,1,45,8,271,1,166,0,0
500,0.1,454,46,1.0,5.0,0.0833333333333333,2.0,0.5,0.3,7,484,6,439,1,45,4,281,2,158,0,0
500,0.1,454,46,1.0,5.0,0.0833333333333333,2.0,0.5,0.3,34,456,34,410,0,46,24,265,10,145,0,0
500,0.1,454,46,1.0,5.0,0.0833333333333333,2.0,0.5,0.3,11,480,10,435,1,45,7,245,3,190,0,0
500,0.1,454,46,1.0,5.0,0.0833333333333333,2.0,0.5,0.3,6,483,5,438,1,45,4,266,1,172,0,0
500,0.1,454,46,1.0,5.0,0.0833333333333333,2.0,0.5,0.3,78,417,70,381,8,36,40,233,30,148,0,0
500,0.1,454,46,1.0,5.0,0.0833333333333333,2.0,0.5,0.3,15,472,14,428,1,44,11,244,3,184,0,0
500,0.1,454,46,1.0,5.0,0.0833333333333333,2.0,0.5,0.3,0,487,0,441,0,46,0,259,0,182,0,0
500,0.1,454,46,1.0,5.0,0.0833333333333333,2.0,0.5,0.3,7,485,6,443,1,42,5,263,1,180,0,0
500,0.1,454,46,1.0,5.0,0.0833333333333333,2.0,0.5,0.3,12,465,10,422,2,43,9,259,1,163,0,0
500,0.1,454,46,1.0,5.0,0.0833333333333333,2.0,0.5,0.3,5,479,3,436,2,43,2,251,1,185,0,0
500,0.1,454,46,1.0,5.0,0.0833333333333333,2.0,0.5,0.3,38,450,32,412,6,38,23,261,9,151,0,0
500,0.1,454,46,1.0,5.0,0.0833333333333333,2.0,0.5,0.3,0,486,0,442,0,44,0,258,0,184,0,0
500,0.1,454,46,1.0,5.0,0.0833333333333333,2.0,0.5,0.3,3,448,2,408,1,40,2,257,0,151,0,0
500,0.1,454,46,1.0,5.0,0.0833333333333333,2.0,0.5,0.3,18,446,18,401,0,45,9,232,9,169,0,0
500,0.1,454,46,1.0,5.0,0.0833333333333333,2.0,0.5,0.3,16,434,13,394,3,40,8,252,5,142,0,0
500,0.1,454,46,1.0,5.0,0.0833333333333333,2.0,0.5,0.3,28,438,24,397,4,41,17,258,7,139,0,0
